EBELN,EBELP,MATNR,MENGE,MEINS,NETPR,NETWR,EINDT,WERKS,MATKL,LIFNR,PO_DATE
PO0000000001,LI00001,M0000174,663,EA,1324.83,878362.29,2024-12-29,PL01,Raw Materials,V0000001,2024-12-20
PO0000000001,LI00002,M0000158,265,M,2267.62,600919.3,2025-02-15,PL02,Raw Materials,V0000001,2024-12-20
PO0000000001,LI00003,M0000079,873,BOX,33393.4,29152438.2,2024-12-29,PL03,Services,V0000001,2024-12-20
PO0000000001,LI00004,M0000422,881,KG,1441.45,1269917.45,2025-01-01,PL02,Raw Materials,V0000001,2024-12-20
PO0000000001,LI00005,M0000470,923,L,5162.28,4764784.44,2025-01-22,PL02,Electronics,V0000001,2024-12-20
PO0000000002,LI00001,M0000198,907,PC,8291.6,7520481.2,2024-10-29,PL02,Electronics,V0000002,2024-10-17
PO0000000002,LI00002,M0000431,742,CM,981.97,728621.74,2024-12-16,PL01,Raw Materials,V0000002,2024-10-17
PO0000000002,LI00003,M0000276,585,KG,59.44,34772.4,2024-12-10,PL03,Office Supplies,V0000002,2024-10-17
PO0000000003,LI00001,M0000492,849,KG,3968.23,3369027.27,2025-01-05,PL03,Electronics,V0000001,2024-11-22
PO0000000003,LI00002,M0000352,244,BOX,82.96,20242.24,2025-01-06,PL01,Office Supplies,V0000001,2024-11-22
PO0000000003,LI00003,M0000262,853,KG,1672.75,1426855.75,2025-01-05,PL03,Raw Materials,V0000001,2024-11-22
PO0000000004,LI00001,M0000183,242,PC,2100.85,508405.7,2022-12-02,PL01,Electronics,V0000001,2022-10-29
PO0000000004,LI00002,M0000403,994,PC,5978.7,5942827.8,2022-11-22,PL02,Services,V0000001,2022-10-29
PO0000000004,LI00003,M0000431,58,CM,845.37,49031.46,2022-12-06,PL03,Raw Materials,V0000001,2022-10-29
PO0000000005,LI00001,M0000420,972,CM,529.43,514605.96,2024-08-23,PL02,Raw Materials,V0000002,2024-08-09
PO0000000005,LI00002,M0000381,487,EA,397.09,193382.83,2024-09-28,PL01,Office Supplies,V0000002,2024-08-09
PO0000000005,LI00003,M0000071,901,BOX,478.13,430795.13,2024-10-05,PL01,Office Supplies,V0000002,2024-08-09
PO0000000005,LI00004,M0000201,733,M,879.01,644314.33,2024-09-08,PL02,Raw Materials,V0000002,2024-08-09
PO0000000006,LI00001,M0000102,621,CM,241.39,149903.19,2023-10-11,PL03,Office Supplies,V0000001,2023-10-02
PO0000000006,LI00002,M0000067,708,KG,44554.97,31544918.76,2023-11-28,PL03,Services,V0000001,2023-10-02
PO0000000006,LI00003,M0000320,317,KG,66.59,21109.03,2023-11-18,PL03,Office Supplies,V0000001,2023-10-02
PO0000000007,LI00001,M0000467,832,EA,387.72,322583.04,2023-05-30,PL01,Office Supplies,V0000002,2023-04-10
PO0000000007,LI00002,M0000498,243,EA,3951.23,960148.89,2023-05-15,PL02,Electronics,V0000002,2023-04-10
PO0000000007,LI00003,M0000045,984,M,97.65,96087.6,2023-05-12,PL02,Office Supplies,V0000002,2023-04-10
PO0000000007,LI00004,M0000379,959,CM,2369.8,2272638.2,2023-06-08,PL01,Electronics,V0000002,2023-04-10
PO0000000008,LI00001,M0000113,881,M,177.73,156580.13,2024-11-14,PL02,Office Supplies,V0000002,2024-10-28
PO0000000008,LI00002,M0000039,901,L,45956.05,41406401.05,2024-12-25,PL03,Services,V0000002,2024-10-28
PO0000000008,LI00003,M0000140,35,PC,636.28,22269.8,2024-11-21,PL01,Raw Materials,V0000002,2024-10-28
PO0000000008,LI00004,M0000192,964,KG,2548.16,2456426.24,2024-12-05,PL02,Electronics,V0000002,2024-10-28
PO0000000009,LI00001,M0000356,949,EA,3382.13,3209641.37,2024-01-29,PL02,Raw Materials,V0000008,2023-11-30
PO0000000009,LI00002,M0000090,898,BOX,3095.78,2780010.44,2024-01-28,PL01,Raw Materials,V0000008,2023-11-30
PO0000000009,LI00003,M0000090,716,BOX,3189.09,2283388.44,2023-12-23,PL03,Raw Materials,V0000008,2023-11-30
PO0000000009,LI00004,M0000095,431,M,12608.97,5434466.07,2024-01-14,PL03,Services,V0000008,2023-11-30
PO0000000009,LI00005,M0000326,756,L,10290.87,7779897.72,2023-12-27,PL02,Services,V0000008,2023-11-30
PO0000000010,LI00001,M0000480,781,PC,20.79,16236.99,2022-11-30,PL03,Office Supplies,V0000008,2022-11-20
PO0000000010,LI00002,M0000408,646,KG,78.36,50620.56,2022-12-25,PL03,Office Supplies,V0000008,2022-11-20
PO0000000010,LI00003,M0000102,411,CM,209.83,86240.13,2022-12-09,PL03,Office Supplies,V0000008,2022-11-20
PO0000000011,LI00001,M0000433,590,KG,2609.19,1539422.1,2021-01-05,PL01,Raw Materials,V0000002,2020-12-24
PO0000000011,LI00002,M0000428,529,L,35483.0,18770507.0,2021-02-14,PL03,Services,V0000002,2020-12-24
PO0000000011,LI00003,M0000264,868,KG,3628.82,3149815.76,2021-02-07,PL03,Electronics,V0000002,2020-12-24
PO0000000011,LI00004,M0000351,962,M,8433.21,8112748.02,2021-01-20,PL02,Electronics,V0000002,2020-12-24
PO0000000012,LI00001,M0000259,753,M,4883.91,3677584.23,2024-05-18,PL02,Raw Materials,V0000010,2024-05-03
PO0000000012,LI00002,M0000353,608,L,243.42,147999.36,2024-07-01,PL02,Office Supplies,V0000010,2024-05-03
PO0000000012,LI00003,M0000386,204,PC,1728.34,352581.36,2024-05-15,PL02,Electronics,V0000010,2024-05-03
PO0000000012,LI00004,M0000210,403,CM,3855.94,1553943.82,2024-06-03,PL03,Raw Materials,V0000010,2024-05-03
PO0000000013,LI00001,M0000441,971,PC,8710.85,8458235.35,2024-11-27,PL03,Electronics,V0000009,2024-11-19
PO0000000013,LI00002,M0000084,642,EA,520.31,334039.02,2024-12-10,PL01,Office Supplies,V0000009,2024-11-19
PO0000000013,LI00003,M0000460,204,EA,1290.88,263339.52,2024-12-12,PL03,Raw Materials,V0000009,2024-11-19
PO0000000014,LI00001,M0000094,51,KG,87.46,4460.46,2022-01-09,PL03,Office Supplies,V0000002,2021-12-08
PO0000000014,LI00002,M0000012,267,L,1494.72,399090.24,2021-12-24,PL01,Raw Materials,V0000002,2021-12-08
PO0000000014,LI00003,M0000068,175,KG,3043.2,532560.0,2022-01-20,PL01,Electronics,V0000002,2021-12-08
PO0000000014,LI00004,M0000099,539,L,14056.36,7576378.04,2022-01-11,PL02,Services,V0000002,2021-12-08
PO0000000014,LI00005,M0000162,507,EA,6736.19,3415248.33,2021-12-22,PL01,Services,V0000002,2021-12-08
PO0000000015,LI00001,M0000110,196,EA,49088.14,9621275.44,2023-02-22,PL02,Services,V0000002,2022-12-25
PO0000000015,LI00002,M0000113,507,M,177.19,89835.33,2023-01-25,PL01,Office Supplies,V0000002,2022-12-25
PO0000000015,LI00003,M0000156,212,M,37460.77,7941683.24,2023-02-08,PL01,Services,V0000002,2022-12-25
PO0000000015,LI00004,M0000364,290,CM,135.35,39251.5,2023-02-16,PL03,Office Supplies,V0000002,2022-12-25
PO0000000015,LI00005,M0000234,185,L,22667.74,4193531.9,2023-01-27,PL01,Services,V0000002,2022-12-25
PO0000000016,LI00001,M0000071,1000,BOX,360.44,360440.0,2023-12-13,PL01,Office Supplies,V0000003,2023-11-20
PO0000000016,LI00002,M0000462,930,EA,3334.65,3101224.5,2023-12-12,PL02,Raw Materials,V0000003,2023-11-20
PO0000000017,LI00001,M0000050,88,PC,283.66,24962.08,2020-12-10,PL02,Office Supplies,V0000001,2020-12-03
PO0000000017,LI00002,M0000302,710,BOX,3886.67,2759535.7,2021-01-04,PL03,Raw Materials,V0000001,2020-12-03
PO0000000017,LI00003,M0000320,434,KG,63.36,27498.24,2021-01-26,PL03,Office Supplies,V0000001,2020-12-03
PO0000000017,LI00004,M0000222,61,L,49.08,2993.88,2020-12-13,PL02,Office Supplies,V0000001,2020-12-03
PO0000000018,LI00001,M0000120,483,BOX,5073.38,2450442.54,2024-12-25,PL03,Electronics,V0000009,2024-11-26
PO0000000018,LI00002,M0000151,991,KG,226.33,224293.03,2025-01-23,PL03,Office Supplies,V0000009,2024-11-26
PO0000000018,LI00003,M0000228,830,BOX,2439.33,2024643.9,2024-12-05,PL01,Raw Materials,V0000009,2024-11-26
PO0000000018,LI00004,M0000471,635,KG,8278.54,5256872.9,2024-12-27,PL02,Electronics,V0000009,2024-11-26
PO0000000018,LI00005,M0000400,688,EA,91.06,62649.28,2024-12-26,PL01,Office Supplies,V0000009,2024-11-26
PO0000000018,LI00006,M0000030,573,L,322.8,184964.4,2024-12-05,PL03,Office Supplies,V0000009,2024-11-26
PO0000000018,LI00007,M0000099,174,L,14872.15,2587754.1,2025-01-04,PL02,Services,V0000009,2024-11-26
PO0000000019,LI00001,M0000163,899,L,4531.19,4073539.81,2022-01-16,PL01,Electronics,V0000002,2021-12-11
PO0000000019,LI00002,M0000429,728,PC,9.66,7032.48,2022-01-20,PL02,Office Supplies,V0000002,2021-12-11
PO0000000019,LI00003,M0000003,120,EA,3360.22,403226.4,2022-01-07,PL01,Electronics,V0000002,2021-12-11
PO0000000019,LI00004,M0000184,512,KG,45184.09,23134254.08,2022-02-09,PL02,Services,V0000002,2021-12-11
PO0000000020,LI00001,M0000389,949,EA,3412.03,3238016.47,2020-06-11,PL02,Electronics,V0000003,2020-05-08
PO0000000020,LI00002,M0000176,270,EA,8311.37,2244069.9,2020-06-23,PL02,Electronics,V0000003,2020-05-08
PO0000000020,LI00003,M0000229,447,EA,6137.03,2743252.41,2020-05-25,PL02,Electronics,V0000003,2020-05-08
PO0000000021,LI00001,M0000082,504,L,3871.21,1951089.84,2022-01-27,PL01,Raw Materials,V0000002,2021-12-03
PO0000000021,LI00002,M0000331,946,CM,6268.49,5929991.54,2022-01-21,PL03,Electronics,V0000002,2021-12-03
PO0000000021,LI00003,M0000245,818,L,9.48,7754.64,2022-01-07,PL01,Office Supplies,V0000002,2021-12-03
PO0000000021,LI00004,M0000096,56,M,30127.54,1687142.24,2021-12-24,PL01,Services,V0000002,2021-12-03
PO0000000021,LI00005,M0000035,267,CM,2339.72,624705.24,2021-12-20,PL03,Electronics,V0000002,2021-12-03
PO0000000021,LI00006,M0000045,119,M,113.44,13499.36,2022-01-10,PL01,Office Supplies,V0000002,2021-12-03
PO0000000021,LI00007,M0000035,727,CM,2670.52,1941468.04,2022-01-14,PL02,Electronics,V0000002,2021-12-03
PO0000000022,LI00001,M0000290,116,CM,120.5,13978.0,2023-04-29,PL01,Office Supplies,V0000002,2023-03-07
PO0000000022,LI00002,M0000195,96,PC,54.82,5262.72,2023-03-27,PL02,Office Supplies,V0000002,2023-03-07
PO0000000022,LI00003,M0000406,173,BOX,2363.09,408814.57,2023-04-30,PL03,Services,V0000002,2023-03-07
PO0000000022,LI00004,M0000131,577,BOX,5180.85,2989350.45,2023-04-25,PL03,Raw Materials,V0000002,2023-03-07
PO0000000022,LI00005,M0000049,995,M,4794.47,4770497.65,2023-03-14,PL03,Electronics,V0000002,2023-03-07
PO0000000022,LI00006,M0000135,185,L,8917.11,1649665.35,2023-04-09,PL01,Electronics,V0000002,2023-03-07
PO0000000022,LI00007,M0000472,511,BOX,455.76,232893.36,2023-04-26,PL01,Office Supplies,V0000002,2023-03-07
PO0000000022,LI00008,M0000454,27,M,3566.6,96298.2,2023-04-01,PL03,Raw Materials,V0000002,2023-03-07
PO0000000023,LI00001,M0000470,383,L,4032.76,1544547.08,2020-12-13,PL01,Electronics,V0000001,2020-10-30
PO0000000024,LI00001,M0000052,84,CM,219.15,18408.6,2024-02-02,PL03,Office Supplies,V0000001,2023-12-28
PO0000000024,LI00002,M0000147,979,CM,223.34,218649.86,2024-01-21,PL03,Office Supplies,V0000001,2023-12-28
PO0000000024,LI00003,M0000243,45,M,3202.06,144092.7,2024-02-14,PL03,Raw Materials,V0000001,2023-12-28
PO0000000024,LI00004,M0000001,750,L,7160.86,5370645.0,2024-02-19,PL03,Electronics,V0000001,2023-12-28
PO0000000024,LI00005,M0000254,821,KG,112.58,92428.18,2024-02-14,PL02,Office Supplies,V0000001,2023-12-28
PO0000000025,LI00001,M0000368,73,EA,543.14,39649.22,2020-10-08,PL03,Raw Materials,V0000001,2020-08-27
PO0000000025,LI00002,M0000308,183,CM,2425.39,443846.37,2020-09-18,PL02,Raw Materials,V0000001,2020-08-27
PO0000000025,LI00003,M0000350,167,EA,7464.46,1246564.82,2020-09-27,PL02,Electronics,V0000001,2020-08-27
PO0000000026,LI00001,M0000388,771,PC,1754.5,1352719.5,2021-03-01,PL01,Electronics,V0000002,2021-01-12
PO0000000026,LI00002,M0000022,503,PC,38241.17,19235308.51,2021-03-11,PL02,Services,V0000002,2021-01-12
PO0000000026,LI00003,M0000355,944,BOX,7568.39,7144560.16,2021-02-07,PL03,Services,V0000002,2021-01-12
PO0000000026,LI00004,M0000228,368,BOX,2366.31,870802.08,2021-03-02,PL01,Raw Materials,V0000002,2021-01-12
PO0000000026,LI00005,M0000375,525,PC,119.48,62727.0,2021-01-31,PL02,Office Supplies,V0000002,2021-01-12
PO0000000027,LI00001,M0000419,398,PC,70.51,28062.98,2021-01-04,PL02,Office Supplies,V0000002,2020-11-28
PO0000000027,LI00002,M0000457,434,KG,2263.78,982480.52,2020-12-10,PL02,Electronics,V0000002,2020-11-28
PO0000000027,LI00003,M0000217,629,L,4662.09,2932454.61,2020-12-16,PL02,Raw Materials,V0000002,2020-11-28
PO0000000027,LI00004,M0000388,96,PC,1949.04,187107.84,2020-12-07,PL03,Electronics,V0000002,2020-11-28
PO0000000028,LI00001,M0000369,475,L,344.33,163556.75,2024-06-11,PL01,Office Supplies,V0000002,2024-04-22
PO0000000028,LI00002,M0000487,731,PC,4369.7,3194250.7,2024-05-08,PL02,Raw Materials,V0000002,2024-04-22
PO0000000028,LI00003,M0000084,663,EA,502.4,333091.2,2024-06-01,PL01,Office Supplies,V0000002,2024-04-22
PO0000000028,LI00004,M0000044,448,BOX,19.04,8529.92,2024-05-04,PL02,Office Supplies,V0000002,2024-04-22
PO0000000028,LI00005,M0000447,131,L,1328.67,174055.77,2024-06-11,PL02,Raw Materials,V0000002,2024-04-22
PO0000000028,LI00006,M0000158,536,M,3145.64,1686063.04,2024-05-26,PL02,Raw Materials,V0000002,2024-04-22
PO0000000028,LI00007,M0000333,565,EA,352.63,199235.95,2024-05-03,PL01,Office Supplies,V0000002,2024-04-22
PO0000000029,LI00001,M0000087,523,M,120.51,63026.73,2021-12-13,PL02,Raw Materials,V0000002,2021-11-09
PO0000000029,LI00002,M0000102,677,CM,206.89,140064.53,2022-01-01,PL03,Office Supplies,V0000002,2021-11-09
PO0000000030,LI00001,M0000293,364,M,47333.18,17229277.52,2023-10-20,PL03,Services,V0000002,2023-09-27
PO0000000030,LI00002,M0000094,516,KG,69.18,35696.88,2023-10-05,PL01,Office Supplies,V0000002,2023-09-27
PO0000000030,LI00003,M0000416,474,CM,3044.76,1443216.24,2023-10-15,PL01,Raw Materials,V0000002,2023-09-27
PO0000000031,LI00001,M0000277,47,EA,5918.17,278153.99,2020-10-24,PL02,Electronics,V0000002,2020-10-12
PO0000000031,LI00002,M0000220,305,CM,8586.7,2618943.5,2020-11-08,PL03,Electronics,V0000002,2020-10-12
PO0000000031,LI00003,M0000226,776,BOX,5064.33,3929920.08,2020-11-30,PL02,Raw Materials,V0000002,2020-10-12
PO0000000031,LI00004,M0000463,272,KG,4670.72,1270435.84,2020-11-09,PL01,Raw Materials,V0000002,2020-10-12
PO0000000031,LI00005,M0000277,81,EA,4901.01,396981.81,2020-12-05,PL03,Electronics,V0000002,2020-10-12
PO0000000032,LI00001,M0000249,445,KG,1425.5,634347.5,2021-12-10,PL01,Raw Materials,V0000001,2021-10-30
PO0000000032,LI00002,M0000158,176,M,2271.92,399857.92,2021-12-17,PL02,Raw Materials,V0000001,2021-10-30
PO0000000032,LI00003,M0000266,674,CM,12869.24,8673867.76,2021-12-23,PL03,Services,V0000001,2021-10-30
PO0000000033,LI00001,M0000461,311,PC,45105.48,14027804.28,2024-11-20,PL03,Services,V0000002,2024-10-05
PO0000000033,LI00002,M0000383,690,M,9345.51,6448401.9,2024-11-25,PL03,Electronics,V0000002,2024-10-05
PO0000000033,LI00003,M0000082,310,L,3500.51,1085158.1,2024-10-17,PL01,Raw Materials,V0000002,2024-10-05
PO0000000034,LI00001,M0000031,196,KG,2889.99,566438.04,2022-11-27,PL01,Raw Materials,V0000008,2022-11-13
PO0000000034,LI00002,M0000454,193,M,3383.19,652955.67,2022-11-21,PL01,Raw Materials,V0000008,2022-11-13
PO0000000034,LI00003,M0000217,149,L,4240.08,631771.92,2022-12-31,PL01,Raw Materials,V0000008,2022-11-13
PO0000000034,LI00004,M0000199,642,PC,2560.84,1644059.28,2023-01-09,PL03,Electronics,V0000008,2022-11-13
PO0000000034,LI00005,M0000058,309,KG,4743.03,1465596.27,2023-01-08,PL02,Electronics,V0000008,2022-11-13
PO0000000034,LI00006,M0000142,433,PC,262.62,113714.46,2022-11-21,PL01,Office Supplies,V0000008,2022-11-13
PO0000000035,LI00001,M0000122,720,L,70.57,50810.4,2022-01-11,PL02,Office Supplies,V0000001,2021-12-07
PO0000000035,LI00002,M0000206,600,EA,38807.93,23284758.0,2021-12-29,PL01,Services,V0000001,2021-12-07
PO0000000035,LI00003,M0000308,402,CM,2762.01,1110328.02,2021-12-17,PL02,Raw Materials,V0000001,2021-12-07
PO0000000036,LI00001,M0000339,646,EA,30160.34,19483579.64,2025-02-13,PL02,Services,V0000010,2024-12-23
PO0000000036,LI00002,M0000321,869,M,14823.26,12881412.94,2025-01-30,PL03,Services,V0000010,2024-12-23
PO0000000037,LI00001,M0000008,749,KG,2899.1,2171425.9,2020-11-23,PL02,Services,V0000004,2020-10-12
PO0000000037,LI00002,M0000161,410,BOX,2405.77,986365.7,2020-11-19,PL03,Electronics,V0000004,2020-10-12
PO0000000037,LI00003,M0000416,627,CM,2917.41,1829216.07,2020-12-01,PL02,Raw Materials,V0000004,2020-10-12
PO0000000037,LI00004,M0000333,63,EA,317.74,20017.62,2020-11-21,PL01,Office Supplies,V0000004,2020-10-12
PO0000000037,LI00005,M0000386,324,PC,1548.73,501788.52,2020-11-23,PL01,Electronics,V0000004,2020-10-12
PO0000000038,LI00001,M0000301,664,L,24846.21,16497883.44,2024-12-14,PL02,Services,V0000002,2024-11-11
PO0000000038,LI00002,M0000500,638,M,10199.66,6507383.08,2024-12-29,PL02,Services,V0000002,2024-11-11
PO0000000038,LI00003,M0000381,447,EA,385.64,172381.08,2024-11-19,PL01,Office Supplies,V0000002,2024-11-11
PO0000000038,LI00004,M0000281,197,KG,7288.05,1435745.85,2024-12-18,PL02,Electronics,V0000002,2024-11-11
PO0000000038,LI00005,M0000127,520,M,3830.18,1991693.6,2024-12-02,PL03,Raw Materials,V0000002,2024-11-11
PO0000000038,LI00006,M0000337,348,CM,946.08,329235.84,2024-12-26,PL03,Raw Materials,V0000002,2024-11-11
PO0000000038,LI00007,M0000185,135,L,8722.57,1177546.95,2024-12-06,PL03,Electronics,V0000002,2024-11-11
PO0000000039,LI00001,M0000354,983,BOX,4344.21,4270358.43,2020-08-02,PL03,Raw Materials,V0000002,2020-06-30
PO0000000039,LI00002,M0000213,369,BOX,1951.79,720210.51,2020-08-26,PL02,Raw Materials,V0000002,2020-06-30
PO0000000039,LI00003,M0000147,865,CM,284.69,246256.85,2020-07-17,PL03,Office Supplies,V0000002,2020-06-30
PO0000000039,LI00004,M0000093,708,L,34895.23,24705822.84,2020-08-23,PL01,Services,V0000002,2020-06-30
PO0000000039,LI00005,M0000026,133,M,15352.54,2041887.82,2020-07-18,PL01,Services,V0000002,2020-06-30
PO0000000039,LI00006,M0000475,504,L,1073.42,541003.68,2020-07-13,PL02,Services,V0000002,2020-06-30
PO0000000040,LI00001,M0000009,241,L,423.97,102176.77,2020-10-27,PL03,Office Supplies,V0000001,2020-10-07
PO0000000040,LI00002,M0000486,903,PC,26542.71,23968067.13,2020-10-30,PL02,Services,V0000001,2020-10-07
PO0000000040,LI00003,M0000498,881,EA,3056.39,2692679.59,2020-11-15,PL01,Electronics,V0000001,2020-10-07
PO0000000040,LI00004,M0000135,117,L,6751.99,789982.83,2020-11-22,PL01,Electronics,V0000001,2020-10-07
PO0000000040,LI00005,M0000094,265,KG,64.87,17190.55,2020-11-04,PL02,Office Supplies,V0000001,2020-10-07
PO0000000040,LI00006,M0000113,571,M,176.24,100633.04,2020-10-31,PL01,Office Supplies,V0000001,2020-10-07
PO0000000040,LI00007,M0000497,619,CM,3295.86,2040137.34,2020-11-25,PL01,Raw Materials,V0000001,2020-10-07
PO0000000040,LI00008,M0000054,449,L,38919.61,17474904.89,2020-12-04,PL02,Services,V0000001,2020-10-07
PO0000000040,LI00009,M0000156,999,M,35083.14,35048056.86,2020-10-20,PL03,Services,V0000001,2020-10-07
PO0000000040,LI00010,M0000187,105,L,3787.14,397649.7,2020-12-05,PL03,Raw Materials,V0000001,2020-10-07
PO0000000040,LI00011,M0000097,646,CM,5969.3,3856167.8,2020-10-21,PL01,Services,V0000001,2020-10-07
PO0000000040,LI00012,M0000117,300,BOX,265.73,79719.0,2020-11-28,PL02,Office Supplies,V0000001,2020-10-07
PO0000000041,LI00001,M0000209,511,PC,33366.33,17050194.63,2022-11-30,PL01,Services,V0000002,2022-10-08
PO0000000041,LI00002,M0000008,373,KG,2538.52,946867.96,2022-11-05,PL01,Services,V0000002,2022-10-08
PO0000000041,LI00003,M0000089,207,L,15400.88,3187982.16,2022-11-12,PL02,Services,V0000002,2022-10-08
PO0000000042,LI00001,M0000452,7,PC,779.74,5458.18,2020-12-03,PL02,Raw Materials,V0000009,2020-11-11
PO0000000042,LI00002,M0000337,518,CM,802.56,415726.08,2020-11-28,PL01,Raw Materials,V0000009,2020-11-11
PO0000000042,LI00003,M0000432,733,PC,19302.14,14148468.62,2021-01-05,PL02,Services,V0000009,2020-11-11
PO0000000042,LI00004,M0000289,681,EA,2971.89,2023857.09,2020-12-03,PL01,Electronics,V0000009,2020-11-11
PO0000000042,LI00005,M0000077,543,PC,615.9,334433.7,2020-12-14,PL01,Raw Materials,V0000009,2020-11-11
PO0000000043,LI00001,M0000297,440,CM,3968.82,1746280.8,2022-11-06,PL02,Raw Materials,V0000007,2022-10-04
PO0000000043,LI00002,M0000373,975,EA,6694.02,6526669.5,2022-11-13,PL03,Electronics,V0000007,2022-10-04
PO0000000043,LI00003,M0000254,31,KG,108.9,3375.9,2022-11-08,PL01,Office Supplies,V0000007,2022-10-04
PO0000000043,LI00004,M0000088,735,PC,69.2,50862.0,2022-12-01,PL03,Office Supplies,V0000007,2022-10-04
PO0000000043,LI00005,M0000473,87,M,6577.79,572267.73,2022-11-01,PL02,Electronics,V0000007,2022-10-04
PO0000000044,LI00001,M0000402,791,CM,883.78,699069.98,2024-05-02,PL02,Raw Materials,V0000010,2024-04-15
PO0000000044,LI00002,M0000415,63,M,76.04,4790.52,2024-05-17,PL01,Office Supplies,V0000010,2024-04-15
PO0000000044,LI00003,M0000355,657,BOX,7407.85,4866957.45,2024-05-01,PL03,Services,V0000010,2024-04-15
PO0000000044,LI00004,M0000260,647,KG,8711.73,5636489.31,2024-06-06,PL03,Services,V0000010,2024-04-15
PO0000000044,LI00005,M0000054,997,L,44402.08,44268873.76,2024-05-10,PL02,Services,V0000010,2024-04-15
PO0000000044,LI00006,M0000282,698,L,1589.16,1109233.68,2024-06-05,PL03,Raw Materials,V0000010,2024-04-15
PO0000000044,LI00007,M0000328,739,CM,9041.18,6681432.02,2024-06-08,PL02,Services,V0000010,2024-04-15
PO0000000045,LI00001,M0000345,9,EA,472.85,4255.65,2024-01-03,PL02,Office Supplies,V0000002,2023-11-05
PO0000000045,LI00002,M0000408,626,KG,84.2,52709.2,2023-11-21,PL03,Office Supplies,V0000002,2023-11-05
PO0000000045,LI00003,M0000168,660,BOX,6727.51,4440156.6,2023-11-25,PL03,Electronics,V0000002,2023-11-05
PO0000000046,LI00001,M0000331,634,CM,6395.53,4054766.02,2021-01-16,PL02,Electronics,V0000002,2020-11-29
PO0000000046,LI00002,M0000211,909,BOX,19.45,17680.05,2021-01-26,PL03,Office Supplies,V0000002,2020-11-29
PO0000000047,LI00001,M0000437,309,EA,10824.91,3344897.19,2020-10-16,PL01,Services,V0000001,2020-10-04
PO0000000047,LI00002,M0000479,737,BOX,3081.31,2270925.47,2020-11-27,PL01,Raw Materials,V0000001,2020-10-04
PO0000000047,LI00003,M0000128,219,L,8768.45,1920290.55,2020-10-16,PL03,Services,V0000001,2020-10-04
PO0000000048,LI00001,M0000279,534,L,258.85,138225.9,2020-05-07,PL03,Electronics,V0000002,2020-04-09
PO0000000048,LI00002,M0000388,29,PC,1684.22,48842.38,2020-06-05,PL03,Electronics,V0000002,2020-04-09
PO0000000048,LI00003,M0000318,248,M,8084.23,2004889.04,2020-06-08,PL02,Electronics,V0000002,2020-04-09
PO0000000048,LI00004,M0000452,518,PC,770.5,399119.0,2020-04-23,PL03,Raw Materials,V0000002,2020-04-09
PO0000000049,LI00001,M0000444,382,BOX,37962.64,14501728.48,2024-05-08,PL03,Services,V0000002,2024-04-15
PO0000000049,LI00002,M0000278,127,M,438.71,55716.17,2024-04-25,PL03,Office Supplies,V0000002,2024-04-15
PO0000000050,LI00001,M0000193,460,KG,5409.83,2488521.8,2023-11-30,PL03,Electronics,V0000002,2023-11-04
PO0000000050,LI00002,M0000355,465,BOX,7570.45,3520259.25,2023-12-02,PL01,Services,V0000002,2023-11-04
PO0000000050,LI00003,M0000466,596,CM,93.68,55833.28,2023-12-17,PL03,Office Supplies,V0000002,2023-11-04
PO0000000050,LI00004,M0000089,643,L,19419.24,12486571.32,2023-12-23,PL03,Services,V0000002,2023-11-04
PO0000000050,LI00005,M0000150,240,EA,4386.73,1052815.2,2023-12-03,PL02,Raw Materials,V0000002,2023-11-04
PO0000000051,LI00001,M0000431,733,CM,833.33,610830.89,2022-02-02,PL03,Raw Materials,V0000001,2021-12-21
PO0000000051,LI00002,M0000386,756,PC,1364.18,1031320.08,2022-01-12,PL01,Electronics,V0000001,2021-12-21
PO0000000051,LI00003,M0000325,843,L,1301.56,1097215.08,2022-02-15,PL02,Raw Materials,V0000001,2021-12-21
PO0000000051,LI00004,M0000365,436,KG,1834.62,799894.32,2022-02-19,PL02,Electronics,V0000001,2021-12-21
PO0000000052,LI00001,M0000100,910,CM,7403.16,6736875.6,2020-12-14,PL02,Electronics,V0000001,2020-11-29
PO0000000052,LI00002,M0000132,694,EA,3754.71,2605768.74,2021-01-08,PL02,Raw Materials,V0000001,2020-11-29
PO0000000052,LI00003,M0000251,405,L,4291.69,1738134.45,2020-12-22,PL03,Raw Materials,V0000001,2020-11-29
PO0000000052,LI00004,M0000266,451,CM,12913.56,5824015.56,2021-01-19,PL02,Services,V0000001,2020-11-29
PO0000000053,LI00001,M0000484,427,L,61.91,26435.57,2023-02-09,PL01,Office Supplies,V0000004,2022-12-12
PO0000000053,LI00002,M0000152,131,M,1439.23,188539.13,2023-01-19,PL03,Electronics,V0000004,2022-12-12
PO0000000053,LI00003,M0000385,992,L,365.95,363022.4,2023-02-02,PL03,Office Supplies,V0000004,2022-12-12
PO0000000053,LI00004,M0000111,121,BOX,518.11,62691.31,2023-02-01,PL01,Office Supplies,V0000004,2022-12-12
PO0000000053,LI00005,M0000168,34,BOX,6834.52,232373.68,2023-02-04,PL01,Electronics,V0000004,2022-12-12
PO0000000053,LI00006,M0000165,379,EA,2189.42,829790.18,2022-12-26,PL03,Raw Materials,V0000004,2022-12-12
PO0000000053,LI00007,M0000479,113,BOX,4035.22,455979.86,2022-12-26,PL02,Raw Materials,V0000004,2022-12-12
PO0000000053,LI00008,M0000232,42,BOX,16323.42,685583.64,2023-01-21,PL01,Services,V0000004,2022-12-12
PO0000000054,LI00001,M0000238,384,EA,4732.98,1817464.32,2020-07-01,PL02,Electronics,V0000001,2020-06-05
PO0000000054,LI00002,M0000369,146,L,344.21,50254.66,2020-08-01,PL03,Office Supplies,V0000001,2020-06-05
PO0000000054,LI00003,M0000191,313,KG,462.56,144781.28,2020-06-30,PL01,Office Supplies,V0000001,2020-06-05
PO0000000054,LI00004,M0000211,3,BOX,17.53,52.59,2020-06-19,PL03,Office Supplies,V0000001,2020-06-05
PO0000000054,LI00005,M0000334,428,PC,465.79,199358.12,2020-07-12,PL03,Raw Materials,V0000001,2020-06-05
PO0000000054,LI00006,M0000222,346,L,54.89,18991.94,2020-08-01,PL02,Office Supplies,V0000001,2020-06-05
PO0000000054,LI00007,M0000203,621,BOX,4362.33,2709006.93,2020-06-20,PL01,Raw Materials,V0000001,2020-06-05
PO0000000054,LI00008,M0000260,461,KG,8683.28,4002992.08,2020-07-24,PL02,Services,V0000001,2020-06-05
PO0000000054,LI00009,M0000278,92,M,417.4,38400.8,2020-08-02,PL03,Office Supplies,V0000001,2020-06-05
PO0000000054,LI00010,M0000317,239,PC,2357.76,563504.64,2020-07-07,PL02,Raw Materials,V0000001,2020-06-05
PO0000000055,LI00001,M0000495,982,BOX,346.76,340518.32,2024-01-04,PL02,Office Supplies,V0000003,2023-11-16
PO0000000055,LI00002,M0000338,662,BOX,34482.88,22827666.56,2023-11-28,PL01,Services,V0000003,2023-11-16
PO0000000055,LI00003,M0000372,586,KG,3985.05,2335239.3,2024-01-02,PL03,Raw Materials,V0000003,2023-11-16
PO0000000055,LI00004,M0000496,661,PC,30.73,20312.53,2023-11-30,PL03,Office Supplies,V0000003,2023-11-16
PO0000000056,LI00001,M0000225,198,L,6739.36,1334393.28,2021-10-31,PL03,Electronics,V0000003,2021-09-15
PO0000000056,LI00002,M0000077,55,PC,585.62,32209.1,2021-10-28,PL03,Raw Materials,V0000003,2021-09-15
PO0000000057,LI00001,M0000307,919,KG,7856.58,7220197.02,2023-11-18,PL01,Electronics,V0000001,2023-11-10
PO0000000057,LI00002,M0000308,986,CM,2485.51,2450712.86,2023-11-18,PL02,Raw Materials,V0000001,2023-11-10
PO0000000057,LI00003,M0000254,723,KG,90.31,65294.13,2024-01-09,PL03,Office Supplies,V0000001,2023-11-10
PO0000000057,LI00004,M0000191,622,KG,446.05,277443.1,2023-12-07,PL02,Office Supplies,V0000001,2023-11-10
PO0000000058,LI00001,M0000162,504,EA,6297.55,3173965.2,2022-11-25,PL02,Services,V0000002,2022-11-17
PO0000000058,LI00002,M0000326,425,L,9228.67,3922184.75,2022-11-25,PL03,Services,V0000002,2022-11-17
PO0000000058,LI00003,M0000481,264,L,3105.18,819767.52,2022-11-29,PL01,Raw Materials,V0000002,2022-11-17
PO0000000058,LI00004,M0000001,555,L,10142.1,5628865.5,2022-12-04,PL02,Electronics,V0000002,2022-11-17
PO0000000058,LI00005,M0000201,262,M,818.8,214525.6,2023-01-12,PL01,Raw Materials,V0000002,2022-11-17
PO0000000058,LI00006,M0000470,976,L,4790.91,4675928.16,2022-12-20,PL03,Electronics,V0000002,2022-11-17
PO0000000059,LI00001,M0000287,334,M,425.29,142046.86,2023-10-23,PL01,Office Supplies,V0000001,2023-10-05
PO0000000059,LI00002,M0000498,102,EA,3175.0,323850.0,2023-11-01,PL01,Electronics,V0000001,2023-10-05
PO0000000059,LI00003,M0000313,385,CM,20645.45,7948498.25,2023-12-03,PL01,Services,V0000001,2023-10-05
PO0000000060,LI00001,M0000086,246,KG,6295.58,1548712.68,2021-01-18,PL03,Electronics,V0000005,2020-11-24
PO0000000060,LI00002,M0000369,505,L,370.82,187264.1,2021-01-02,PL03,Office Supplies,V0000005,2020-11-24
PO0000000060,LI00003,M0000445,118,KG,36727.87,4333888.66,2020-12-18,PL01,Services,V0000005,2020-11-24
PO0000000061,LI00001,M0000258,567,BOX,44308.19,25122743.73,2020-06-21,PL01,Services,V0000002,2020-05-19
PO0000000061,LI00002,M0000197,418,EA,284.4,118879.2,2020-07-05,PL01,Office Supplies,V0000002,2020-05-19
PO0000000061,LI00003,M0000109,20,EA,39813.97,796279.4,2020-06-12,PL03,Services,V0000002,2020-05-19
PO0000000062,LI00001,M0000454,692,M,3639.56,2518575.52,2021-08-13,PL01,Raw Materials,V0000002,2021-07-31
PO0000000062,LI00002,M0000129,668,M,197.51,131936.68,2021-09-26,PL01,Office Supplies,V0000002,2021-07-31
PO0000000062,LI00003,M0000116,417,L,1437.62,599487.54,2021-09-04,PL01,Electronics,V0000002,2021-07-31
PO0000000062,LI00004,M0000279,513,L,281.37,144342.81,2021-08-20,PL01,Electronics,V0000002,2021-07-31
PO0000000062,LI00005,M0000489,173,M,84.83,14675.59,2021-09-26,PL01,Office Supplies,V0000002,2021-07-31
PO0000000062,LI00006,M0000326,434,L,9512.32,4128346.88,2021-09-11,PL02,Services,V0000002,2021-07-31
PO0000000063,LI00001,M0000341,985,L,3876.98,3818825.3,2024-12-08,PL03,Electronics,V0000001,2024-10-09
PO0000000063,LI00002,M0000393,1,BOX,7379.37,7379.37,2024-10-19,PL02,Electronics,V0000001,2024-10-09
PO0000000063,LI00003,M0000017,697,CM,212.63,148203.11,2024-11-09,PL02,Office Supplies,V0000001,2024-10-09
PO0000000063,LI00004,M0000447,861,L,1107.96,953953.56,2024-11-17,PL02,Raw Materials,V0000001,2024-10-09
PO0000000063,LI00005,M0000228,577,BOX,2208.15,1274102.55,2024-10-20,PL02,Raw Materials,V0000001,2024-10-09
PO0000000063,LI00006,M0000024,851,PC,1167.54,993576.54,2024-10-24,PL03,Services,V0000001,2024-10-09
PO0000000064,LI00001,M0000055,443,PC,5506.38,2439326.34,2020-08-27,PL03,Electronics,V0000001,2020-08-07
PO0000000064,LI00002,M0000449,906,BOX,4027.99,3649358.94,2020-09-26,PL02,Raw Materials,V0000001,2020-08-07
PO0000000065,LI00001,M0000110,725,EA,45817.6,33217760.0,2021-11-09,PL02,Services,V0000001,2021-10-05
PO0000000065,LI00002,M0000483,350,EA,137.94,48279.0,2021-10-25,PL02,Office Supplies,V0000001,2021-10-05
PO0000000066,LI00001,M0000209,337,PC,35194.85,11860664.45,2023-12-22,PL03,Services,V0000002,2023-12-14
PO0000000066,LI00002,M0000394,945,EA,443.71,419305.95,2023-12-21,PL03,Office Supplies,V0000002,2023-12-14
PO0000000066,LI00003,M0000065,924,EA,7506.17,6935701.08,2023-12-21,PL03,Electronics,V0000002,2023-12-14
PO0000000067,LI00001,M0000107,570,PC,3614.2,2060094.0,2022-04-19,PL03,Raw Materials,V0000002,2022-02-27
PO0000000067,LI00002,M0000392,403,EA,317.28,127863.84,2022-04-09,PL01,Office Supplies,V0000002,2022-02-27
PO0000000067,LI00003,M0000259,665,M,5339.52,3550780.8,2022-04-16,PL01,Raw Materials,V0000002,2022-02-27
PO0000000068,LI00001,M0000263,914,CM,2441.38,2231421.32,2022-06-13,PL03,Raw Materials,V0000005,2022-04-14
PO0000000068,LI00002,M0000135,127,L,8120.38,1031288.26,2022-05-13,PL02,Electronics,V0000005,2022-04-14
PO0000000068,LI00003,M0000345,367,EA,462.52,169744.84,2022-05-15,PL01,Office Supplies,V0000005,2022-04-14
PO0000000069,LI00001,M0000426,832,M,1966.48,1636111.36,2022-03-14,PL01,Raw Materials,V0000010,2022-01-22
PO0000000069,LI00002,M0000124,380,BOX,24454.54,9292725.2,2022-02-10,PL02,Services,V0000010,2022-01-22
PO0000000069,LI00003,M0000085,761,M,3087.48,2349572.28,2022-01-30,PL02,Raw Materials,V0000010,2022-01-22
PO0000000069,LI00004,M0000019,727,PC,844.9,614242.3,2022-02-20,PL01,Electronics,V0000010,2022-01-22
PO0000000070,LI00001,M0000043,311,CM,19334.24,6012948.64,2023-02-02,PL03,Services,V0000001,2022-12-06
PO0000000070,LI00002,M0000411,991,EA,9290.64,9207024.24,2023-01-05,PL01,Electronics,V0000001,2022-12-06
PO0000000070,LI00003,M0000371,724,M,32197.28,23310830.72,2023-01-20,PL01,Services,V0000001,2022-12-06
PO0000000070,LI00004,M0000307,654,KG,9156.44,5988311.76,2023-01-07,PL01,Electronics,V0000001,2022-12-06
PO0000000070,LI00005,M0000494,506,EA,5011.73,2535935.38,2022-12-23,PL03,Electronics,V0000001,2022-12-06
PO0000000071,LI00001,M0000294,689,L,199.76,137634.64,2021-01-30,PL03,Office Supplies,V0000001,2020-12-11
PO0000000071,LI00002,M0000201,132,M,694.92,91729.44,2021-02-03,PL01,Raw Materials,V0000001,2020-12-11
PO0000000071,LI00003,M0000437,877,EA,13666.61,11985616.97,2021-01-01,PL03,Services,V0000001,2020-12-11
PO0000000071,LI00004,M0000099,869,L,13247.71,11512259.99,2021-01-30,PL01,Services,V0000001,2020-12-11
PO0000000072,LI00001,M0000076,546,BOX,1591.15,868767.9,2022-12-04,PL02,Raw Materials,V0000001,2022-10-19
PO0000000072,LI00002,M0000017,3,CM,250.32,750.96,2022-11-22,PL03,Office Supplies,V0000001,2022-10-19
PO0000000072,LI00003,M0000183,875,PC,2010.31,1759021.25,2022-11-15,PL02,Electronics,V0000001,2022-10-19
PO0000000072,LI00004,M0000148,125,BOX,4130.46,516307.5,2022-12-08,PL03,Electronics,V0000001,2022-10-19
PO0000000073,LI00001,M0000399,371,KG,1282.31,475737.01,2022-02-08,PL01,Electronics,V0000002,2021-12-30
PO0000000073,LI00002,M0000409,230,EA,49.92,11481.6,2022-01-09,PL02,Office Supplies,V0000002,2021-12-30
PO0000000074,LI00001,M0000413,324,L,1036.73,335900.52,2020-11-04,PL02,Raw Materials,V0000001,2020-10-28
PO0000000074,LI00002,M0000411,586,EA,7112.71,4168048.06,2020-12-25,PL01,Electronics,V0000001,2020-10-28
PO0000000074,LI00003,M0000359,707,BOX,16989.01,12011230.07,2020-12-01,PL01,Services,V0000001,2020-10-28
PO0000000075,LI00001,M0000159,202,PC,4788.8,967337.6,2022-11-03,PL02,Electronics,V0000002,2022-10-17
PO0000000075,LI00002,M0000181,642,L,146.97,94354.74,2022-12-03,PL01,Office Supplies,V0000002,2022-10-17
PO0000000076,LI00001,M0000229,443,EA,5241.11,2321811.73,2021-12-28,PL01,Electronics,V0000002,2021-10-31
PO0000000076,LI00002,M0000038,642,M,1384.06,888566.52,2021-11-28,PL02,Raw Materials,V0000002,2021-10-31
PO0000000076,LI00003,M0000440,485,L,4073.89,1975836.65,2021-11-22,PL02,Services,V0000002,2021-10-31
PO0000000076,LI00004,M0000395,842,KG,3870.25,3258750.5,2021-11-28,PL03,Raw Materials,V0000002,2021-10-31
PO0000000077,LI00001,M0000103,967,BOX,2723.38,2633508.46,2022-10-27,PL03,Raw Materials,V0000002,2022-10-16
PO0000000077,LI00002,M0000190,783,M,4711.41,3689034.03,2022-10-29,PL03,Electronics,V0000002,2022-10-16
PO0000000077,LI00003,M0000021,128,KG,174.93,22391.04,2022-10-28,PL01,Office Supplies,V0000002,2022-10-16
PO0000000077,LI00004,M0000207,387,EA,6187.8,2394678.6,2022-11-12,PL03,Electronics,V0000002,2022-10-16
PO0000000077,LI00005,M0000018,131,M,256.18,33559.58,2022-10-26,PL02,Office Supplies,V0000002,2022-10-16
PO0000000077,LI00006,M0000460,626,EA,979.19,612972.94,2022-12-02,PL02,Raw Materials,V0000002,2022-10-16
PO0000000077,LI00007,M0000231,694,EA,12929.07,8972774.58,2022-10-26,PL03,Services,V0000002,2022-10-16
PO0000000078,LI00001,M0000208,871,CM,6236.97,5432400.87,2025-01-07,PL02,Electronics,V0000007,2024-12-07
PO0000000078,LI00002,M0000412,771,KG,171.4,132149.4,2025-01-09,PL01,Raw Materials,V0000007,2024-12-07
PO0000000079,LI00001,M0000190,807,M,5045.73,4071904.11,2021-02-15,PL03,Electronics,V0000002,2020-12-28
PO0000000079,LI00002,M0000244,394,KG,330.63,130268.22,2021-02-02,PL02,Office Supplies,V0000002,2020-12-28
PO0000000079,LI00003,M0000024,635,PC,1370.77,870438.95,2021-01-10,PL02,Services,V0000002,2020-12-28
PO0000000080,LI00001,M0000109,27,EA,32343.51,873274.77,2020-11-07,PL03,Services,V0000001,2020-10-02
PO0000000080,LI00002,M0000383,106,M,7822.63,829198.78,2020-10-09,PL03,Electronics,V0000001,2020-10-02
PO0000000080,LI00003,M0000348,861,PC,1568.3,1350306.3,2020-10-21,PL03,Electronics,V0000001,2020-10-02
PO0000000081,LI00001,M0000166,522,PC,194.13,101335.86,2023-11-27,PL02,Office Supplies,V0000002,2023-11-04
PO0000000081,LI00002,M0000228,743,BOX,2240.65,1664802.95,2023-12-20,PL02,Raw Materials,V0000002,2023-11-04
PO0000000081,LI00003,M0000151,141,KG,181.13,25539.33,2024-01-01,PL01,Office Supplies,V0000002,2023-11-04
PO0000000081,LI00004,M0000332,320,PC,22379.51,7161443.2,2023-12-18,PL02,Services,V0000002,2023-11-04
PO0000000081,LI00005,M0000333,668,EA,346.89,231722.52,2023-12-29,PL02,Office Supplies,V0000002,2023-11-04
PO0000000082,LI00001,M0000182,907,M,15810.27,14339914.89,2022-04-22,PL01,Services,V0000002,2022-03-12
PO0000000082,LI00002,M0000388,317,PC,1677.12,531647.04,2022-04-26,PL02,Electronics,V0000002,2022-03-12
PO0000000082,LI00003,M0000191,994,KG,436.14,433523.16,2022-03-19,PL03,Office Supplies,V0000002,2022-03-12
PO0000000082,LI00004,M0000435,695,PC,50131.51,34841399.45,2022-03-28,PL01,Services,V0000002,2022-03-12
PO0000000083,LI00001,M0000099,573,L,16013.5,9175735.5,2020-05-15,PL02,Services,V0000001,2020-05-05
PO0000000083,LI00002,M0000015,656,L,245.7,161179.2,2020-05-24,PL01,Office Supplies,V0000001,2020-05-05
PO0000000083,LI00003,M0000004,712,L,1788.28,1273255.36,2020-06-25,PL02,Raw Materials,V0000001,2020-05-05
PO0000000084,LI00001,M0000261,593,CM,3052.89,1810363.77,2022-01-11,PL02,Raw Materials,V0000001,2021-11-29
PO0000000084,LI00002,M0000029,167,L,3474.55,580249.85,2021-12-12,PL02,Electronics,V0000001,2021-11-29
PO0000000084,LI00003,M0000498,508,EA,3760.31,1910237.48,2021-12-20,PL01,Electronics,V0000001,2021-11-29
PO0000000085,LI00001,M0000142,478,PC,269.65,128892.7,2022-02-04,PL01,Office Supplies,V0000001,2021-12-20
PO0000000085,LI00002,M0000167,976,L,2819.51,2751841.76,2022-02-17,PL02,Electronics,V0000001,2021-12-20
PO0000000086,LI00001,M0000427,410,EA,1445.67,592724.7,2023-11-28,PL01,Electronics,V0000001,2023-11-10
PO0000000086,LI00002,M0000350,31,EA,5797.62,179726.22,2023-12-22,PL01,Electronics,V0000001,2023-11-10
PO0000000086,LI00003,M0000396,647,L,3686.66,2385269.02,2023-12-24,PL02,Services,V0000001,2023-11-10
PO0000000087,LI00001,M0000355,31,BOX,6101.07,189133.17,2021-11-17,PL01,Services,V0000002,2021-10-29
PO0000000087,LI00002,M0000084,225,EA,466.04,104859.0,2021-11-21,PL03,Office Supplies,V0000002,2021-10-29
PO0000000087,LI00003,M0000249,868,KG,1378.3,1196364.4,2021-12-10,PL01,Raw Materials,V0000002,2021-10-29
PO0000000087,LI00004,M0000070,23,EA,45174.0,1039002.0,2021-11-16,PL02,Services,V0000002,2021-10-29
PO0000000087,LI00005,M0000480,22,PC,22.06,485.32,2021-12-28,PL03,Office Supplies,V0000002,2021-10-29
PO0000000087,LI00006,M0000303,671,L,119.77,80365.67,2021-12-25,PL01,Office Supplies,V0000002,2021-10-29
PO0000000087,LI00007,M0000142,216,PC,279.37,60343.92,2021-11-24,PL02,Office Supplies,V0000002,2021-10-29
PO0000000088,LI00001,M0000418,677,PC,7844.85,5310963.45,2023-12-13,PL03,Electronics,V0000001,2023-11-26
PO0000000088,LI00002,M0000354,903,BOX,3996.21,3608577.63,2023-12-30,PL03,Raw Materials,V0000001,2023-11-26
PO0000000088,LI00003,M0000410,947,CM,252.94,239534.18,2023-12-11,PL01,Office Supplies,V0000001,2023-11-26
PO0000000089,LI00001,M0000040,388,EA,8167.47,3168978.36,2021-12-12,PL02,Electronics,V0000003,2021-10-22
PO0000000089,LI00002,M0000289,440,EA,2932.17,1290154.8,2021-12-08,PL01,Electronics,V0000003,2021-10-22
PO0000000089,LI00003,M0000478,782,EA,1967.12,1538287.84,2021-12-07,PL03,Raw Materials,V0000003,2021-10-22
PO0000000090,LI00001,M0000412,549,KG,176.86,97096.14,2022-11-20,PL01,Raw Materials,V0000002,2022-10-26
PO0000000090,LI00002,M0000095,55,M,13745.25,755988.75,2022-12-12,PL02,Services,V0000002,2022-10-26
PO0000000090,LI00003,M0000209,872,PC,34395.42,29992806.24,2022-12-04,PL03,Services,V0000002,2022-10-26
PO0000000090,LI00004,M0000085,215,M,4039.42,868475.3,2022-12-18,PL01,Raw Materials,V0000002,2022-10-26
PO0000000090,LI00005,M0000318,810,M,8537.69,6915528.9,2022-12-14,PL03,Electronics,V0000002,2022-10-26
PO0000000090,LI00006,M0000062,521,EA,12128.91,6319162.11,2022-11-26,PL03,Services,V0000002,2022-10-26
PO0000000090,LI00007,M0000395,384,KG,3784.33,1453182.72,2022-12-03,PL03,Raw Materials,V0000002,2022-10-26
PO0000000090,LI00008,M0000146,330,EA,1166.98,385103.4,2022-12-17,PL02,Electronics,V0000002,2022-10-26
PO0000000090,LI00009,M0000082,495,L,3641.99,1802785.05,2022-12-17,PL02,Raw Materials,V0000002,2022-10-26
PO0000000090,LI00010,M0000494,596,EA,5687.41,3389696.36,2022-11-27,PL03,Electronics,V0000002,2022-10-26
PO0000000091,LI00001,M0000168,598,BOX,7802.42,4665847.16,2024-11-18,PL01,Electronics,V0000009,2024-10-01
PO0000000091,LI00002,M0000498,917,EA,3566.8,3270755.6,2024-10-20,PL02,Electronics,V0000009,2024-10-01
PO0000000091,LI00003,M0000358,406,L,40775.93,16555027.58,2024-10-21,PL02,Services,V0000009,2024-10-01
PO0000000091,LI00004,M0000056,387,PC,415.46,160783.02,2024-11-13,PL01,Office Supplies,V0000009,2024-10-01
PO0000000091,LI00005,M0000055,384,PC,7643.96,2935280.64,2024-10-24,PL03,Electronics,V0000009,2024-10-01
PO0000000091,LI00006,M0000258,770,BOX,41024.41,31588795.7,2024-10-13,PL02,Services,V0000009,2024-10-01
PO0000000092,LI00001,M0000147,361,CM,256.85,92722.85,2020-04-28,PL03,Office Supplies,V0000002,2020-04-07
PO0000000092,LI00002,M0000410,525,CM,272.28,142947.0,2020-05-23,PL02,Office Supplies,V0000002,2020-04-07
PO0000000092,LI00003,M0000130,479,CM,7711.64,3693875.56,2020-05-11,PL02,Electronics,V0000002,2020-04-07
PO0000000092,LI00004,M0000257,510,L,450.6,229806.0,2020-05-04,PL02,Electronics,V0000002,2020-04-07
PO0000000093,LI00001,M0000087,184,M,115.79,21305.36,2023-01-27,PL01,Raw Materials,V0000002,2022-12-23
PO0000000093,LI00002,M0000338,78,BOX,29939.38,2335271.64,2023-01-21,PL01,Services,V0000002,2022-12-23
PO0000000093,LI00003,M0000431,514,CM,813.31,418041.34,2023-01-31,PL03,Raw Materials,V0000002,2022-12-23
PO0000000093,LI00004,M0000099,805,L,17164.07,13817076.35,2023-01-16,PL01,Services,V0000002,2022-12-23
PO0000000093,LI00005,M0000094,74,KG,69.58,5148.92,2023-01-22,PL01,Office Supplies,V0000002,2022-12-23
PO0000000093,LI00006,M0000206,342,EA,40517.74,13857067.08,2023-01-11,PL03,Services,V0000002,2022-12-23
PO0000000093,LI00007,M0000297,310,CM,4224.27,1309523.7,2023-02-15,PL03,Raw Materials,V0000002,2022-12-23
PO0000000093,LI00008,M0000039,196,L,48795.84,9563984.64,2023-02-13,PL03,Services,V0000002,2022-12-23
PO0000000094,LI00001,M0000047,771,PC,9126.26,7036346.46,2021-11-24,PL03,Services,V0000001,2021-10-03
PO0000000094,LI00002,M0000090,789,BOX,2354.92,1858031.88,2021-10-29,PL02,Raw Materials,V0000001,2021-10-03
PO0000000095,LI00001,M0000237,414,BOX,5842.7,2418877.8,2025-01-10,PL03,Electronics,V0000001,2024-12-09
PO0000000095,LI00002,M0000149,670,L,4621.8,3096606.0,2025-01-17,PL01,Electronics,V0000001,2024-12-09
PO0000000095,LI00003,M0000196,741,PC,23631.64,17511045.24,2025-02-01,PL01,Services,V0000001,2024-12-09
PO0000000096,LI00001,M0000304,529,EA,2318.08,1226264.32,2023-02-09,PL03,Electronics,V0000003,2022-12-27
